{
  "start_time": 1742709325.589461,
  "operations": 3,
  "successes": 3,
  "failures": 0,
  "total_time": 0.004042387008666992,
  "success_rate": 100.0
}