{
  "start_time": 1742710044.9064684,
  "operations": 3,
  "successes": 3,
  "failures": 0,
  "total_time": 0.020583391189575195,
  "success_rate": 100.0
}