{
  "start_time": 1742709162.9822013,
  "operations": 0,
  "successes": 0,
  "failures": 1,
  "total_time": 0.00010204315185546875,
  "success_rate": 0
}