{
  "start_time": 1742710004.5290263,
  "operations": 3,
  "successes": 3,
  "failures": 0,
  "total_time": 0.020560741424560547,
  "success_rate": 100.0
}