{
  "elapsed_time": 0.09838414192199707,
  "operations_per_sec": 20328.479376134426,
  "success_rate": 100.0,
  "total_operations": 2000,
  "success_count": 2000
}