{
  "intensity": 2.0,
  "iterations": 3,
  "start_time": 1742676060.8785567,
  "duration": 1.7383880615234375,
  "success_rates": {
    "overall": 100.0,
    "essential": 100.0,
    "non_essential": 100.0
  },
  "anomalies": 180,
  "events": 600,
  "requests": 300,
  "cycles_count": 3
}